{
  "mean": {
    "balanced_accuracy": 0.660059003471317,
    "cell_counting_mean_absolute_error": 303.48,
    "cell_counting_root_mean_squared_error": 778.6218337550007,
    "classification_accuracy": 0.7157367493035505,
    "classification_f1_score": 0.7100611041333957,
    "crimson_score": 0.8653777263374486,
    "detection_average_f1": 0.09235693279115043,
    "detection_average_precision": 0.14391712576033436,
    "detection_average_recall": 0.07737434888080737,
    "detection_f1_iou_0.3": 0.1937668928058832,
    "detection_f1_iou_0.5": 0.08341741418509235,
    "detection_iou_0.3_f1_score": 0.1937668928058832,
    "detection_iou_0.3_fn": 7831.333333333333,
    "detection_iou_0.3_fp": 1556.0,
    "detection_iou_0.3_precision": 0.3139241920321552,
    "detection_iou_0.3_recall": 0.15957521881705983,
    "detection_iou_0.3_tp": 684.6666666666666,
    "detection_iou_0.4_f1_score": 0.12500579901966538,
    "detection_iou_0.4_fn": 8114.333333333333,
    "detection_iou_0.4_fp": 1839.0,
    "detection_iou_0.4_precision": 0.19365290099173485,
    "detection_iou_0.4_recall": 0.10498199868969232,
    "detection_iou_0.4_tp": 401.6666666666667,
    "detection_iou_0.5_f1_score": 0.08341741418509235,
    "detection_iou_0.5_fn": 8285.333333333334,
    "detection_iou_0.5_fp": 2010.0,
    "detection_iou_0.5_precision": 0.1224028113318532,
    "detection_iou_0.5_recall": 0.07164488395124739,
    "detection_iou_0.5_tp": 230.66666666666666,
    "detection_iou_0.6_f1_score": 0.04086397543354819,
    "detection_iou_0.6_fn": 8390.0,
    "detection_iou_0.6_fp": 2114.6666666666665,
    "detection_iou_0.6_precision": 0.061623094555418534,
    "detection_iou_0.6_recall": 0.034695334629616846,
    "detection_iou_0.6_tp": 126.0,
    "detection_iou_0.7_f1_score": 0.01873058251156306,
    "detection_iou_0.7_fn": 8462.333333333334,
    "detection_iou_0.7_fp": 2187.0,
    "detection_iou_0.7_precision": 0.02798262989051009,
    "detection_iou_0.7_recall": 0.015974308316420462,
    "detection_iou_0.7_tp": 53.666666666666664,
    "detection_precision_iou_0.3": 0.3139241920321552,
    "detection_precision_iou_0.5": 0.1224028113318532,
    "detection_recall_iou_0.3": 0.15957521881705983,
    "detection_recall_iou_0.5": 0.07164488395124739,
    "f1_iou_0.5": 0.08341741418509235,
    "f1_score": 0.49290701269478165,
    "green_score": 0.7275094870853225,
    "multi_label_f1_score": 0.49290701269478165,
    "multi_label_precision": 0.5050062895073959,
    "multi_label_recall": 0.509867591803045,
    "regression_mean_absolute_error": 18.004655854483367,
    "regression_root_mean_squared_error": 28.186388718164594
  },
  "per_split": {
    "testing": {
      "f1_iou_0.5": 0.047827086686594626,
      "detection_f1_iou_0.5": 0.047827086686594626,
      "detection_precision_iou_0.5": 0.11438627364716233,
      "detection_recall_iou_0.5": 0.030234315948601664,
      "detection_f1_iou_0.3": 0.13584732122326973,
      "detection_precision_iou_0.3": 0.32490101187857456,
      "detection_recall_iou_0.3": 0.08587708587708588,
      "detection_average_f1": 0.06079558519199817,
      "detection_average_precision": 0.14540255169379673,
      "detection_average_recall": 0.038432467003895576,
      "detection_iou_0.3_f1_score": 0.13584732122326973,
      "detection_iou_0.3_precision": 0.32490101187857456,
      "detection_iou_0.3_recall": 0.08587708587708588,
      "detection_iou_0.3_tp": 1477,
      "detection_iou_0.3_fp": 3069,
      "detection_iou_0.3_fn": 15722,
      "detection_iou_0.4_f1_score": 0.08240974936767073,
      "detection_iou_0.4_precision": 0.1970963484381874,
      "detection_iou_0.4_recall": 0.052096052096052094,
      "detection_iou_0.4_tp": 896,
      "detection_iou_0.4_fp": 3650,
      "detection_iou_0.4_fn": 16303,
      "detection_iou_0.5_f1_score": 0.047827086686594626,
      "detection_iou_0.5_precision": 0.11438627364716233,
      "detection_iou_0.5_recall": 0.030234315948601664,
      "detection_iou_0.5_tp": 520,
      "detection_iou_0.5_fp": 4026,
      "detection_iou_0.5_fn": 16679,
      "detection_iou_0.6_f1_score": 0.02704069901126696,
      "detection_iou_0.6_precision": 0.06467223933128025,
      "detection_iou_0.6_recall": 0.017094017094017096,
      "detection_iou_0.6_tp": 294,
      "detection_iou_0.6_fp": 4252,
      "detection_iou_0.6_fn": 16905,
      "detection_iou_0.7_f1_score": 0.010853069671188778,
      "detection_iou_0.7_precision": 0.025956885173779146,
      "detection_iou_0.7_recall": 0.006860864003721146,
      "detection_iou_0.7_tp": 118,
      "detection_iou_0.7_fp": 4428,
      "detection_iou_0.7_fn": 17081,
      "balanced_accuracy": 0.7141393186439499,
      "classification_accuracy": 0.6931034482758621,
      "classification_f1_score": 0.6930424217003083,
      "f1_score": 0.444131455399061,
      "multi_label_f1_score": 0.444131455399061,
      "multi_label_precision": 0.4519682195738534,
      "multi_label_recall": 0.46117732033224995,
      "regression_mean_absolute_error": 19.716631890617805,
      "regression_root_mean_squared_error": 35.759722466079744
    },
    "validation_public": {
      "cell_counting_mean_absolute_error": 303.48,
      "cell_counting_root_mean_squared_error": 778.6218337550007,
      "f1_iou_0.5": 0.17486338797814205,
      "detection_f1_iou_0.5": 0.17486338797814205,
      "detection_precision_iou_0.5": 0.18285714285714286,
      "detection_recall_iou_0.5": 0.16753926701570682,
      "detection_f1_iou_0.3": 0.3442622950819672,
      "detection_precision_iou_0.3": 0.36,
      "detection_recall_iou_0.3": 0.3298429319371728,
      "detection_average_f1": 0.17595628415300546,
      "detection_average_precision": 0.184,
      "detection_average_recall": 0.16858638743455498,
      "detection_iou_0.3_f1_score": 0.3442622950819672,
      "detection_iou_0.3_precision": 0.36,
      "detection_iou_0.3_recall": 0.3298429319371728,
      "detection_iou_0.3_tp": 63,
      "detection_iou_0.3_fp": 112,
      "detection_iou_0.3_fn": 128,
      "detection_iou_0.4_f1_score": 0.24043715846994534,
      "detection_iou_0.4_precision": 0.25142857142857145,
      "detection_iou_0.4_recall": 0.23036649214659685,
      "detection_iou_0.4_tp": 44,
      "detection_iou_0.4_fp": 131,
      "detection_iou_0.4_fn": 147,
      "detection_iou_0.5_f1_score": 0.17486338797814205,
      "detection_iou_0.5_precision": 0.18285714285714286,
      "detection_iou_0.5_recall": 0.16753926701570682,
      "detection_iou_0.5_tp": 32,
      "detection_iou_0.5_fp": 143,
      "detection_iou_0.5_fn": 159,
      "detection_iou_0.6_f1_score": 0.0819672131147541,
      "detection_iou_0.6_precision": 0.08571428571428572,
      "detection_iou_0.6_recall": 0.07853403141361257,
      "detection_iou_0.6_tp": 15,
      "detection_iou_0.6_fp": 160,
      "detection_iou_0.6_fn": 176,
      "detection_iou_0.7_f1_score": 0.03825136612021858,
      "detection_iou_0.7_precision": 0.04,
      "detection_iou_0.7_recall": 0.03664921465968586,
      "detection_iou_0.7_tp": 7,
      "detection_iou_0.7_fp": 168,
      "detection_iou_0.7_fn": 184,
      "balanced_accuracy": 0.5426966572554602,
      "classification_accuracy": 0.7285295349811479,
      "classification_f1_score": 0.7134259097316369,
      "f1_score": 0.6106203304141449,
      "multi_label_f1_score": 0.6106203304141449,
      "multi_label_precision": 0.6304860088365243,
      "multi_label_recall": 0.6351620029455082,
      "green_score": 0.7275094870853225,
      "crimson_score": 0.8653777263374486
    },
    "validation_hidden": {
      "f1_iou_0.5": 0.02756176789054041,
      "detection_f1_iou_0.5": 0.02756176789054041,
      "detection_precision_iou_0.5": 0.06996501749125437,
      "detection_recall_iou_0.5": 0.017161068889433684,
      "detection_f1_iou_0.3": 0.10119106211241262,
      "detection_precision_iou_0.3": 0.25687156421789104,
      "detection_recall_iou_0.3": 0.06300563863692081,
      "detection_average_f1": 0.04031892902844768,
      "detection_average_precision": 0.1023488255872064,