{
  "mean": {
    "balanced_accuracy": 0.015349964696408524,
    "cell_counting_mean_absolute_error": 32663.9,
    "cell_counting_root_mean_squared_error": 173393.05504108287,
    "classification_accuracy": 0.0275212196533894,
    "classification_f1_score": 0.03163966776383068,
    "crimson_score": 0.69777170781893,
    "detection_average_f1": 0.004551652647125287,
    "detection_average_precision": 0.00340978076326286,
    "detection_average_recall": 0.013534758655479323,
    "detection_f1_iou_0.3": 0.015570961364704957,
    "detection_f1_iou_0.5": 0.0007284469659534537,
    "detection_iou_0.3_f1_score": 0.015570961364704957,
    "detection_iou_0.3_fn": 8494.0,
    "detection_iou_0.3_fp": 2703.6666666666665,
    "detection_iou_0.3_precision": 0.011692169169451113,
    "detection_iou_0.3_recall": 0.04630080803305465,
    "detection_iou_0.3_tp": 22.0,
    "detection_iou_0.4_f1_score": 0.00639943455052561,
    "detection_iou_0.4_fn": 8508.0,
    "detection_iou_0.4_fp": 2717.6666666666665,
    "detection_iou_0.4_precision": 0.004477958626839689,
    "detection_iou_0.4_recall": 0.019470639027858148,
    "detection_iou_0.4_tp": 8.0,
    "detection_iou_0.5_f1_score": 0.0007284469659534537,
    "detection_iou_0.5_fn": 8514.0,
    "detection_iou_0.5_fp": 2723.6666666666665,
    "detection_iou_0.5_precision": 0.0007515495569191695,
    "detection_iou_0.5_recall": 0.0018635842729599608,
    "detection_iou_0.5_tp": 2.0,
    "detection_iou_0.6_f1_score": 2.971017722120712e-05,
    "detection_iou_0.6_fn": 8515.666666666666,
    "detection_iou_0.6_fp": 2725.3333333333335,
    "detection_iou_0.6_precision": 6.361323155216285e-05,
    "detection_iou_0.6_recall": 1.938097176192414e-05,
    "detection_iou_0.6_tp": 0.3333333333333333,
    "detection_iou_0.7_f1_score": 2.971017722120712e-05,
    "detection_iou_0.7_fn": 8515.666666666666,
    "detection_iou_0.7_fp": 2725.3333333333335,
    "detection_iou_0.7_precision": 6.361323155216285e-05,
    "detection_iou_0.7_recall": 1.938097176192414e-05,
    "detection_iou_0.7_tp": 0.3333333333333333,
    "detection_precision_iou_0.3": 0.011692169169451113,
    "detection_precision_iou_0.5": 0.0007515495569191695,
    "detection_recall_iou_0.3": 0.04630080803305465,
    "detection_recall_iou_0.5": 0.0018635842729599608,
    "f1_iou_0.5": 0.0007284469659534537,
    "f1_score": 0.15408583987692842,
    "green_score": 0.771889052107561,
    "multi_label_f1_score": 0.15408583987692842,
    "multi_label_precision": 0.10280958512649903,
    "multi_label_recall": 0.4823593453229044,
    "regression_mean_absolute_error": 28.20773801553721,
    "regression_root_mean_squared_error": 40.32094855174149
  },
  "per_split": {
    "testing": {
      "f1_iou_0.5": 0.0003565221266544854,
      "detection_f1_iou_0.5": 0.0003565221266544854,
      "detection_precision_iou_0.5": 0.0007633587786259542,
      "detection_recall_iou_0.5": 0.0002325716611430897,
      "detection_f1_iou_0.3": 0.0029413075448995055,
      "detection_precision_iou_0.3": 0.006297709923664122,
      "detection_recall_iou_0.3": 0.0019187162044304901,
      "detection_average_f1": 0.000909131422968938,
      "detection_average_precision": 0.0019465648854961833,
      "detection_average_recall": 0.0005930577359148788,
      "detection_iou_0.3_f1_score": 0.0029413075448995055,
      "detection_iou_0.3_precision": 0.006297709923664122,
      "detection_iou_0.3_recall": 0.0019187162044304901,
      "detection_iou_0.3_tp": 33,
      "detection_iou_0.3_fp": 5207,
      "detection_iou_0.3_fn": 17166,
      "detection_iou_0.4_f1_score": 0.0010695663799634564,
      "detection_iou_0.4_precision": 0.0022900763358778627,
      "detection_iou_0.4_recall": 0.0006977149834292691,
      "detection_iou_0.4_tp": 12,
      "detection_iou_0.4_fp": 5228,
      "detection_iou_0.4_fn": 17187,
      "detection_iou_0.5_f1_score": 0.0003565221266544854,
      "detection_iou_0.5_precision": 0.0007633587786259542,
      "detection_iou_0.5_recall": 0.0002325716611430897,
      "detection_iou_0.5_tp": 4,
      "detection_iou_0.5_fp": 5236,
      "detection_iou_0.5_fn": 17195,
      "detection_iou_0.6_f1_score": 8.913053166362135e-05,
      "detection_iou_0.6_precision": 0.00019083969465648855,
      "detection_iou_0.6_recall": 5.8142915285772426e-05,
      "detection_iou_0.6_tp": 1,
      "detection_iou_0.6_fp": 5239,
      "detection_iou_0.6_fn": 17198,
      "detection_iou_0.7_f1_score": 8.913053166362135e-05,
      "detection_iou_0.7_precision": 0.00019083969465648855,
      "detection_iou_0.7_recall": 5.8142915285772426e-05,
      "detection_iou_0.7_tp": 1,
      "detection_iou_0.7_fp": 5239,
      "detection_iou_0.7_fn": 17198,
      "balanced_accuracy": 0.0020100502512562816,
      "classification_accuracy": 0.00842911877394636,
      "classification_f1_score": 0.015474120258443963,
      "f1_score": 0.1507593198931337,
      "multi_label_f1_score": 0.1507593198931337,
      "multi_label_precision": 0.10261288282875378,
      "multi_label_recall": 0.40240158902130735,
      "regression_mean_absolute_error": 30.038603799104408,
      "regression_root_mean_squared_error": 46.64166890561044
    },
    "validation_public": {
      "cell_counting_mean_absolute_error": 32663.9,
      "cell_counting_root_mean_squared_error": 173393.05504108287,
      "f1_iou_0.5": 0.00162999185004075,
      "detection_f1_iou_0.5": 0.00162999185004075,
      "detection_precision_iou_0.5": 0.0009652509652509653,
      "detection_recall_iou_0.5": 0.005235602094240838,
      "detection_f1_iou_0.3": 0.04237978810105949,
      "detection_precision_iou_0.3": 0.025096525096525095,
      "detection_recall_iou_0.3": 0.13612565445026178,
      "detection_average_f1": 0.012387938060309698,
      "detection_average_precision": 0.007335907335907335,
      "detection_average_recall": 0.03979057591623037,
      "detection_iou_0.3_f1_score": 0.04237978810105949,
      "detection_iou_0.3_precision": 0.025096525096525095,
      "detection_iou_0.3_recall": 0.13612565445026178,
      "detection_iou_0.3_tp": 26,
      "detection_iou_0.3_fp": 1010,
      "detection_iou_0.3_fn": 165,
      "detection_iou_0.4_f1_score": 0.017929910350448247,
      "detection_iou_0.4_precision": 0.010617760617760617,
      "detection_iou_0.4_recall": 0.05759162303664921,
      "detection_iou_0.4_tp": 11,
      "detection_iou_0.4_fp": 1025,
      "detection_iou_0.4_fn": 180,
      "detection_iou_0.5_f1_score": 0.00162999185004075,
      "detection_iou_0.5_precision": 0.0009652509652509653,
      "detection_iou_0.5_recall": 0.005235602094240838,
      "detection_iou_0.5_tp": 1,
      "detection_iou_0.5_fp": 1035,
      "detection_iou_0.5_fn": 190,
      "detection_iou_0.6_f1_score": 0.0,
      "detection_iou_0.6_precision": 0.0,
      "detection_iou_0.6_recall": 0.0,
      "detection_iou_0.6_tp": 0,
      "detection_iou_0.6_fp": 1036,
      "detection_iou_0.6_fn": 191,
      "detection_iou_0.7_f1_score": 0.0,
      "detection_iou_0.7_precision": 0.0,
      "detection_iou_0.7_recall": 0.0,
      "detection_iou_0.7_tp": 0,
      "detection_iou_0.7_fp": 1036,
      "detection_iou_0.7_fn": 191,
      "balanced_accuracy": 0.041802081600207056,
      "classification_accuracy": 0.06702974444909929,
      "classification_f1_score": 0.06692966018987825,
      "f1_score": 0.17710801631592055,
      "multi_label_f1_score": 0.17710801631592055,
      "multi_label_precision": 0.10996628761191016,
      "multi_label_recall": 0.6910775650466372,
      "green_score": 0.771889052107561,
      "crimson_score": 0.69777170781893
    },
    "validation_hidden": {
      "f1_iou_0.5": 0.00019882692116512577,
      "detection_f1_iou_0.5": 0.00019882692116512577,
      "detection_precision_iou_0.5": 0.0005260389268805891,
      "detection_recall_iou_0.5": 0.00012257906349595488,
      "detection_f1_iou_0.3": 0.0013917884481558804,
      "detection_precision_iou_0.3": 0.003682272488164124,
      "detection_recall_iou_0.3": 0.0008580534444716843,