{
  "mean": {
    "balanced_accuracy": 0.6973681283063976,
    "cell_counting_mean_absolute_error": 275.64,
    "cell_counting_root_mean_squared_error": 746.0054289346693,
    "classification_accuracy": 0.7545310656900996,
    "classification_f1_score": 0.7486724762961748,
    "crimson_score": 0.8560994341563786,
    "detection_average_f1": 0.11028574193986596,
    "detection_average_precision": 0.16379329963340505,
    "detection_average_recall": 0.09468440474704874,
    "detection_f1_iou_0.3": 0.22629028834032594,
    "detection_f1_iou_0.5": 0.09221872508355598,
    "detection_iou_0.3_f1_score": 0.22629028834032594,
    "detection_iou_0.3_fn": 7786.666666666667,
    "detection_iou_0.3_fp": 1517.3333333333333,
    "detection_iou_0.3_precision": 0.35253317564260894,
    "detection_iou_0.3_recall": 0.19038678870421302,
    "detection_iou_0.3_tp": 729.3333333333334,
    "detection_iou_0.4_f1_score": 0.1537013168992954,
    "detection_iou_0.4_fn": 8090.333333333333,
    "detection_iou_0.4_fp": 1821.0,
    "detection_iou_0.4_precision": 0.22559317675050247,
    "detection_iou_0.4_recall": 0.13258690529237713,
    "detection_iou_0.4_tp": 425.6666666666667,
    "detection_iou_0.5_f1_score": 0.09221872508355598,
    "detection_iou_0.5_fn": 8279.0,
    "detection_iou_0.5_fp": 2009.6666666666667,
    "detection_iou_0.5_precision": 0.13114137416927418,
    "detection_iou_0.5_recall": 0.08053482746596542,
    "detection_iou_0.5_tp": 237.0,
    "detection_iou_0.6_f1_score": 0.05309723809769417,
    "detection_iou_0.6_fn": 8392.333333333334,
    "detection_iou_0.6_fp": 2123.0,
    "detection_iou_0.6_precision": 0.07378962181964394,
    "detection_iou_0.6_recall": 0.04679075692400229,
    "detection_iou_0.6_tp": 123.66666666666667,
    "detection_iou_0.7_f1_score": 0.026121141278458215,
    "detection_iou_0.7_fn": 8460.333333333334,
    "detection_iou_0.7_fp": 2191.0,
    "detection_iou_0.7_precision": 0.03590914978499583,
    "detection_iou_0.7_recall": 0.023122745348685792,
    "detection_iou_0.7_tp": 55.666666666666664,
    "detection_precision_iou_0.3": 0.35253317564260894,
    "detection_precision_iou_0.5": 0.13114137416927418,
    "detection_recall_iou_0.3": 0.19038678870421302,
    "detection_recall_iou_0.5": 0.08053482746596542,
    "f1_iou_0.5": 0.09221872508355598,
    "f1_score": 0.4987596735442303,
    "green_score": 0.7304914922267108,
    "multi_label_f1_score": 0.4987596735442303,
    "multi_label_precision": 0.5195215893979218,
    "multi_label_recall": 0.5108684175072767,
    "regression_mean_absolute_error": 18.00935926293335,
    "regression_root_mean_squared_error": 28.093081829946215
  },
  "per_split": {
    "testing": {
      "f1_iou_0.5": 0.04956549726424204,
      "detection_f1_iou_0.5": 0.04956549726424204,
      "detection_precision_iou_0.5": 0.11846153846153847,
      "detection_recall_iou_0.5": 0.03133903133903134,
      "detection_f1_iou_0.3": 0.14409857924502276,
      "detection_precision_iou_0.3": 0.3443956043956044,
      "detection_recall_iou_0.3": 0.0911099482528054,
      "detection_average_f1": 0.06310175180468068,
      "detection_average_precision": 0.1508131868131868,
      "detection_average_recall": 0.03989766846909704,
      "detection_iou_0.3_f1_score": 0.14409857924502276,
      "detection_iou_0.3_precision": 0.3443956043956044,
      "detection_iou_0.3_recall": 0.0911099482528054,
      "detection_iou_0.3_tp": 1567,
      "detection_iou_0.3_fp": 2983,
      "detection_iou_0.3_fn": 15632,
      "detection_iou_0.4_f1_score": 0.08625683939491473,
      "detection_iou_0.4_precision": 0.20615384615384616,
      "detection_iou_0.4_recall": 0.05453805453805454,
      "detection_iou_0.4_tp": 938,
      "detection_iou_0.4_fp": 3612,
      "detection_iou_0.4_fn": 16261,
      "detection_iou_0.5_f1_score": 0.04956549726424204,
      "detection_iou_0.5_precision": 0.11846153846153847,
      "detection_iou_0.5_recall": 0.03133903133903134,
      "detection_iou_0.5_tp": 539,
      "detection_iou_0.5_fp": 4011,
      "detection_iou_0.5_fn": 16660,
      "detection_iou_0.6_f1_score": 0.02510460251046025,
      "detection_iou_0.6_precision": 0.06,
      "detection_iou_0.6_recall": 0.015873015873015872,
      "detection_iou_0.6_tp": 273,
      "detection_iou_0.6_fp": 4277,
      "detection_iou_0.6_fn": 16926,
      "detection_iou_0.7_f1_score": 0.01048324060876362,
      "detection_iou_0.7_precision": 0.025054945054945054,
      "detection_iou_0.7_recall": 0.006628292342578057,
      "detection_iou_0.7_tp": 114,
      "detection_iou_0.7_fp": 4436,
      "detection_iou_0.7_fn": 17085,
      "balanced_accuracy": 0.7543050809989986,
      "classification_accuracy": 0.7513409961685824,
      "classification_f1_score": 0.7497215228330598,
      "f1_score": 0.4437961099932931,
      "multi_label_f1_score": 0.4437961099932931,
      "multi_label_precision": 0.45774647887323944,
      "multi_label_recall": 0.45521849042975804,
      "regression_mean_absolute_error": 20.515590607695504,
      "regression_root_mean_squared_error": 35.72048318261565
    },
    "validation_public": {
      "cell_counting_mean_absolute_error": 275.64,
      "cell_counting_root_mean_squared_error": 746.0054289346693,
      "f1_iou_0.5": 0.20054200542005424,
      "detection_f1_iou_0.5": 0.20054200542005424,
      "detection_precision_iou_0.5": 0.20786516853932585,
      "detection_recall_iou_0.5": 0.193717277486911,
      "detection_f1_iou_0.3": 0.4281842818428184,
      "detection_precision_iou_0.3": 0.4438202247191011,
      "detection_recall_iou_0.3": 0.41361256544502617,
      "detection_average_f1": 0.22547425474254745,
      "detection_average_precision": 0.2337078651685393,
      "detection_average_recall": 0.21780104712041887,
      "detection_iou_0.3_f1_score": 0.4281842818428184,
      "detection_iou_0.3_precision": 0.4438202247191011,
      "detection_iou_0.3_recall": 0.41361256544502617,
      "detection_iou_0.3_tp": 79,
      "detection_iou_0.3_fp": 99,
      "detection_iou_0.3_fn": 112,
      "detection_iou_0.4_f1_score": 0.31978319783197834,
      "detection_iou_0.4_precision": 0.33146067415730335,
      "detection_iou_0.4_recall": 0.3089005235602094,
      "detection_iou_0.4_tp": 59,
      "detection_iou_0.4_fp": 119,
      "detection_iou_0.4_fn": 132,
      "detection_iou_0.5_f1_score": 0.20054200542005424,
      "detection_iou_0.5_precision": 0.20786516853932585,
      "detection_iou_0.5_recall": 0.193717277486911,
      "detection_iou_0.5_tp": 37,
      "detection_iou_0.5_fp": 141,
      "detection_iou_0.5_fn": 154,
      "detection_iou_0.6_f1_score": 0.11924119241192412,
      "detection_iou_0.6_precision": 0.12359550561797752,
      "detection_iou_0.6_recall": 0.11518324607329843,
      "detection_iou_0.6_tp": 22,
      "detection_iou_0.6_fp": 156,
      "detection_iou_0.6_fn": 169,
      "detection_iou_0.7_f1_score": 0.05962059620596206,
      "detection_iou_0.7_precision": 0.06179775280898876,
      "detection_iou_0.7_recall": 0.05759162303664921,
      "detection_iou_0.7_tp": 11,
      "detection_iou_0.7_fp": 167,
      "detection_iou_0.7_fn": 180,
      "balanced_accuracy": 0.5546660740446607,
      "classification_accuracy": 0.7289484708839548,
      "classification_f1_score": 0.7156102893269477,
      "f1_score": 0.6075492977812565,
      "multi_label_f1_score": 0.6075492977812565,
      "multi_label_precision": 0.6396023564064801,
      "multi_label_recall": 0.6242071674030437,
      "green_score": 0.7304914922267108,
      "crimson_score": 0.8560994341563786
    },
    "validation_hidden": {
      "f1_iou_0.5": 0.02654867256637168,
      "detection_f1_iou_0.5": 0.02654867256637168,
      "detection_precision_iou_0.5": 0.06709741550695825,
      "detection_recall_iou_0.5": 0.01654817357195391,
      "detection_f1_iou_0.3": 0.10658800393313668,
      "detection_precision_iou_0.3": 0.26938369781312127,
      "detection_recall_iou_0.3": 0.06643785241480755,
      "detection_average_f1": 0.04228121927236972,