{
  "mean": {
    "balanced_accuracy": 0.14291353115920688,
    "cell_counting_mean_absolute_error": 2.469135780246914e+253,
    "cell_counting_root_mean_squared_error": 1.7459426538829298e+254,
    "classification_accuracy": 0.278078405145385,
    "classification_f1_score": 0.2727307269791683,
    "crimson_score": 0.7701703189300412,
    "detection_average_f1": 0.0074062606418562335,
    "detection_average_precision": 0.009349968026103135,
    "detection_average_recall": 0.00783504323609681,
    "detection_f1_iou_0.3": 0.019866729728470752,
    "detection_f1_iou_0.5": 0.004188537571114787,
    "detection_iou_0.3_f1_score": 0.019866729728470752,
    "detection_iou_0.3_fn": 8482.333333333334,
    "detection_iou_0.3_fp": 1799.3333333333333,
    "detection_iou_0.3_precision": 0.024302982975438637,
    "detection_iou_0.3_recall": 0.021242197162437096,
    "detection_iou_0.3_tp": 33.666666666666664,
    "detection_iou_0.4_f1_score": 0.009339955260710806,
    "detection_iou_0.4_fn": 8497.333333333334,
    "detection_iou_0.4_fp": 1814.3333333333333,
    "detection_iou_0.4_precision": 0.011928664829908482,
    "detection_iou_0.4_recall": 0.009843305346679892,
    "detection_iou_0.4_tp": 18.666666666666668,
    "detection_iou_0.5_f1_score": 0.004188537571114787,
    "detection_iou_0.5_fn": 8503.666666666666,
    "detection_iou_0.5_fp": 1820.6666666666667,
    "detection_iou_0.5_precision": 0.006062018577656226,
    "detection_iou_0.5_recall": 0.004211692839968025,
    "detection_iou_0.5_tp": 12.333333333333334,
    "detection_iou_0.6_f1_score": 0.003508115455517447,
    "detection_iou_0.6_fn": 8510.0,
    "detection_iou_0.6_fp": 1827.0,
    "detection_iou_0.6_precision": 0.004089873381211964,
    "detection_iou_0.6_recall": 0.0038004969443513454,
    "detection_iou_0.6_tp": 6.0,
    "detection_iou_0.7_f1_score": 0.00012796519346737687,
    "detection_iou_0.7_fn": 8514.666666666666,
    "detection_iou_0.7_fp": 1831.6666666666667,
    "detection_iou_0.7_precision": 0.0003663003663003663,
    "detection_iou_0.7_recall": 7.752388704769656e-05,
    "detection_iou_0.7_tp": 1.3333333333333333,
    "detection_precision_iou_0.3": 0.024302982975438637,
    "detection_precision_iou_0.5": 0.006062018577656226,
    "detection_recall_iou_0.3": 0.021242197162437096,
    "detection_recall_iou_0.5": 0.004211692839968025,
    "f1_iou_0.5": 0.004188537571114787,
    "f1_score": 0.28485385284431497,
    "green_score": 0.7963312522952626,
    "multi_label_f1_score": 0.28485385284431497,
    "multi_label_precision": 0.2949872605259115,
    "multi_label_recall": 0.3551804725728571,
    "regression_mean_absolute_error": 25.415725164542515,
    "regression_root_mean_squared_error": 38.83541837023368
  },
  "per_split": {
    "testing": {
      "f1_iou_0.5": 0.003167138538317577,
      "detection_f1_iou_0.5": 0.003167138538317577,
      "detection_precision_iou_0.5": 0.009065934065934067,
      "detection_recall_iou_0.5": 0.0019187162044304901,
      "detection_f1_iou_0.3": 0.007294016027640481,
      "detection_precision_iou_0.3": 0.020879120879120878,
      "detection_recall_iou_0.3": 0.004418861561718704,
      "detection_average_f1": 0.003339891549498536,
      "detection_average_precision": 0.00956043956043956,
      "detection_average_recall": 0.00202337345194488,
      "detection_iou_0.3_f1_score": 0.007294016027640481,
      "detection_iou_0.3_precision": 0.020879120879120878,
      "detection_iou_0.3_recall": 0.004418861561718704,
      "detection_iou_0.3_tp": 76,
      "detection_iou_0.3_fp": 3564,
      "detection_iou_0.3_fn": 17123,
      "detection_iou_0.4_f1_score": 0.004318825279523969,
      "detection_iou_0.4_precision": 0.012362637362637362,
      "detection_iou_0.4_recall": 0.0026164311878597592,
      "detection_iou_0.4_tp": 45,
      "detection_iou_0.4_fp": 3595,
      "detection_iou_0.4_fn": 17154,
      "detection_iou_0.5_f1_score": 0.003167138538317577,
      "detection_iou_0.5_precision": 0.009065934065934067,
      "detection_iou_0.5_recall": 0.0019187162044304901,
      "detection_iou_0.5_tp": 33,
      "detection_iou_0.5_fp": 3607,
      "detection_iou_0.5_fn": 17166,
      "detection_iou_0.6_f1_score": 0.0015355823216085225,
      "detection_iou_0.6_precision": 0.004395604395604396,
      "detection_iou_0.6_recall": 0.0009302866445723588,
      "detection_iou_0.6_tp": 16,
      "detection_iou_0.6_fp": 3624,
      "detection_iou_0.6_fn": 17183,
      "detection_iou_0.7_f1_score": 0.00038389558040213064,
      "detection_iou_0.7_precision": 0.001098901098901099,
      "detection_iou_0.7_recall": 0.0002325716611430897,
      "detection_iou_0.7_tp": 4,
      "detection_iou_0.7_fp": 3636,
      "detection_iou_0.7_fn": 17195,
      "balanced_accuracy": 0.14246518555501295,
      "classification_accuracy": 0.35555555555555557,
      "classification_f1_score": 0.3361763934559084,
      "f1_score": 0.26563944662536215,
      "multi_label_f1_score": 0.26563944662536215,
      "multi_label_precision": 0.28511887173859,
      "multi_label_recall": 0.3395630191404839,
      "regression_mean_absolute_error": 27.281384778334992,
      "regression_root_mean_squared_error": 45.17370608056662
    },
    "validation_public": {
      "cell_counting_mean_absolute_error": 2.469135780246914e+253,
      "cell_counting_root_mean_squared_error": 1.7459426538829298e+254,
      "f1_iou_0.5": 0.00898876404494382,
      "detection_f1_iou_0.5": 0.00898876404494382,
      "detection_precision_iou_0.5": 0.007874015748031496,
      "detection_recall_iou_0.5": 0.010471204188481676,
      "detection_f1_iou_0.3": 0.04943820224719101,
      "detection_precision_iou_0.3": 0.04330708661417323,
      "detection_recall_iou_0.3": 0.05759162303664921,
      "detection_average_f1": 0.01797752808988764,
      "detection_average_precision": 0.015748031496062992,
      "detection_average_recall": 0.020942408376963352,
      "detection_iou_0.3_f1_score": 0.04943820224719101,
      "detection_iou_0.3_precision": 0.04330708661417323,
      "detection_iou_0.3_recall": 0.05759162303664921,
      "detection_iou_0.3_tp": 11,
      "detection_iou_0.3_fp": 243,
      "detection_iou_0.3_fn": 180,
      "detection_iou_0.4_f1_score": 0.02247191011235955,
      "detection_iou_0.4_precision": 0.01968503937007874,
      "detection_iou_0.4_recall": 0.02617801047120419,
      "detection_iou_0.4_tp": 5,
      "detection_iou_0.4_fp": 249,
      "detection_iou_0.4_fn": 186,
      "detection_iou_0.5_f1_score": 0.00898876404494382,
      "detection_iou_0.5_precision": 0.007874015748031496,
      "detection_iou_0.5_recall": 0.010471204188481676,
      "detection_iou_0.5_tp": 2,
      "detection_iou_0.5_fp": 252,
      "detection_iou_0.5_fn": 189,
      "detection_iou_0.6_f1_score": 0.00898876404494382,
      "detection_iou_0.6_precision": 0.007874015748031496,
      "detection_iou_0.6_recall": 0.010471204188481676,
      "detection_iou_0.6_tp": 2,
      "detection_iou_0.6_fp": 252,
      "detection_iou_0.6_fn": 189,
      "detection_iou_0.7_f1_score": 0.0,
      "detection_iou_0.7_precision": 0.0,
      "detection_iou_0.7_recall": 0.0,
      "detection_iou_0.7_tp": 0,
      "detection_iou_0.7_fp": 254,
      "detection_iou_0.7_fn": 191,
      "balanced_accuracy": 0.14411015429162954,
      "classification_accuracy": 0.2149141181399246,
      "classification_f1_score": 0.20857313676285677,
      "f1_score": 0.32814210458669485,
      "multi_label_f1_score": 0.32814210458669485,
      "multi_label_precision": 0.30509897452917145,
      "multi_label_recall": 0.41011536573392243,
      "green_score": 0.7963312522952626,
      "crimson_score": 0.7701703189300412
    },
    "validation_hidden": {
      "f1_iou_0.5": 0.0004097101300829663,
      "detection_f1_iou_0.5": 0.0004097101300829663,
      "detection_precision_iou_0.5": 0.0012461059190031153,
      "detection_recall_iou_0.5": 0.00024515812699190976,
      "detection_f1_iou_0.3": 0.002867970910580764,
      "detection_precision_iou_0.3": 0.008722741433021807,